{"logps_eval_prob_train/chosen": -122.78054297971725, "argmax_prob_logits": -128.7619505209923, "logps_eval_prob_train/chosen_initial": -138.67297348594664, "logps_eval_prob_train/chosen_gptsemantic": -128.3201736946106, "logps_eval_prob_train/chosen_gptformat": -110.73753446578979, "logps_eval_prob_train/rejected": -97.14116037082673, "logps_eval_prob_train/reject_gptsemantic": -112.15854614257813, "logps_eval_prob_train/reject_gptformat": -99.73323156738282, "logps_eval_prob_train/irr_train": -164.46568386650085, "logps_eval_prob_train/irr_test": -136.15787349271775, "logps_eval_prob_train/irr_hum": -128.79412364959717, "logps_eval_prob_train/random_permute": -361.7906086864472, "logps_eval_prob_train/random_nonhum": -331.2307737083435}
{"logps_eval_prob_train/chosen": -104.86384376263618, "argmax_prob_logits": -111.86170757293701, "logps_eval_prob_train/chosen_initial": -134.93790245246888, "logps_eval_prob_train/chosen_gptsemantic": -128.00074403190612, "logps_eval_prob_train/chosen_gptformat": -111.86425686264037, "logps_eval_prob_train/rejected": -86.98207728528976, "logps_eval_prob_train/reject_gptsemantic": -112.82234667396546, "logps_eval_prob_train/reject_gptformat": -100.55361272239685, "logps_eval_prob_train/irr_train": -151.96928388023377, "logps_eval_prob_train/irr_test": -129.0941878862381, "logps_eval_prob_train/irr_hum": -140.2919416809082, "logps_eval_prob_train/random_permute": -365.253845161438, "logps_eval_prob_train/random_nonhum": -334.23433225250244}
{"logps_eval_prob_train/chosen": -96.57635710287094, "argmax_prob_logits": -110.4051871972084, "logps_eval_prob_train/chosen_initial": -137.44846629142762, "logps_eval_prob_train/chosen_gptsemantic": -127.84761379814148, "logps_eval_prob_train/chosen_gptformat": -112.92918224143982, "logps_eval_prob_train/rejected": -87.23179017066956, "logps_eval_prob_train/reject_gptsemantic": -114.78449365234376, "logps_eval_prob_train/reject_gptformat": -102.43831211471557, "logps_eval_prob_train/irr_train": -147.33127582740784, "logps_eval_prob_train/irr_test": -130.10630206108092, "logps_eval_prob_train/irr_hum": -140.6855758972168, "logps_eval_prob_train/random_permute": -366.997057882309, "logps_eval_prob_train/random_nonhum": -336.2690142440796}
{"logps_eval_prob_train/chosen": -87.77929465413094, "argmax_prob_logits": -107.37539650058747, "logps_eval_prob_train/chosen_initial": -141.0977573838234, "logps_eval_prob_train/chosen_gptsemantic": -127.82161242103577, "logps_eval_prob_train/chosen_gptformat": -114.0636972579956, "logps_eval_prob_train/rejected": -88.59724332404137, "logps_eval_prob_train/reject_gptsemantic": -116.96033679580688, "logps_eval_prob_train/reject_gptformat": -104.38460536575317, "logps_eval_prob_train/irr_train": -143.70158396148682, "logps_eval_prob_train/irr_test": -132.49654258823395, "logps_eval_prob_train/irr_hum": -141.38036265563966, "logps_eval_prob_train/random_permute": -370.4009222316742, "logps_eval_prob_train/random_nonhum": -339.80208211898804}
