{"logps_eval_prob_train/chosen": -132.6655085582733, "argmax_prob_logits": -122.38545861625671, "except_argmax_prob_logits": NaN, "chosen_A_o": 448.54137963867186, "p_e": 0.9984846390485763, "energy": 0.967851900935173, "logps_eval_prob_train/chosen_initial": -143.72086111831666, "chosen_initial_A_o": 439.2153201904297, "logps_eval_prob_train/chosen_gptsemantic": -135.4749104347229, "chosen_gptsemantic_A_o": 445.51340869140626, "logps_eval_prob_train/chosen_gptformat": -115.8084465675354, "chosen_gptformat_A_o": 443.12430279541013, "logps_eval_prob_train/rejected": -104.60761145877838, "rejected_A_o": 447.46283380126954, "logps_eval_prob_train/reject_gptsemantic": -117.61105857658386, "reject_gptsemantic_A_o": 444.41639874267577, "logps_eval_prob_train/reject_gptformat": -103.96774757385253, "reject_gptformat_A_o": 443.0792257080078, "logps_eval_prob_train/irr_train": -176.21522076797484, "irr_train_A_o": 435.08851489257813, "logps_eval_prob_train/irr_test": -144.14636314487458, "irr_test_A_o": 434.949180480957, "logps_eval_prob_train/irr_hum": -146.09993574523926, "irr_hum_A_o": 435.05889947509763, "logps_eval_prob_train/random_permute": -373.52053996658327, "random_permute_A_o": 404.50819891357423, "logps_eval_prob_train/random_nonhum": -339.7800021934509, "random_nonhum_A_o": 400.34775201416016}
{"logps_eval_prob_train/chosen": -132.6655085582733, "argmax_prob_logits": -122.38545861625671, "except_argmax_prob_logits": NaN, "chosen_A_o": 448.54137963867186, "p_e": 0.9984846390485763, "energy": 0.967851900935173, "logps_eval_prob_train/chosen_initial": -143.72086111831666, "chosen_initial_A_o": 439.2153201904297, "logps_eval_prob_train/chosen_gptsemantic": -135.4749104347229, "chosen_gptsemantic_A_o": 445.51340869140626, "logps_eval_prob_train/chosen_gptformat": -115.8084465675354, "chosen_gptformat_A_o": 443.12430279541013, "logps_eval_prob_train/rejected": -104.60761145877838, "rejected_A_o": 447.46283380126954, "logps_eval_prob_train/reject_gptsemantic": -117.61105857658386, "reject_gptsemantic_A_o": 444.41639874267577, "logps_eval_prob_train/reject_gptformat": -103.96774757385253, "reject_gptformat_A_o": 443.0792257080078, "logps_eval_prob_train/irr_train": -176.21522076797484, "irr_train_A_o": 435.08851489257813, "logps_eval_prob_train/irr_test": -144.14636314487458, "irr_test_A_o": 434.949180480957, "logps_eval_prob_train/irr_hum": -146.09993574523926, "irr_hum_A_o": 435.05889947509763, "logps_eval_prob_train/random_permute": -373.52053996658327, "random_permute_A_o": 404.50819891357423, "logps_eval_prob_train/random_nonhum": -339.7800021934509, "random_nonhum_A_o": 400.34775201416016}
{"logps_eval_prob_train/chosen": -132.6655085582733, "argmax_prob_logits": -122.38545861625671, "except_argmax_prob_logits": NaN, "chosen_A_o": 448.54137963867186, "p_e": 0.9984846390485763, "energy": 0.967851900935173, "logps_eval_prob_train/chosen_initial": -143.72086111831666, "chosen_initial_A_o": 439.2153201904297, "logps_eval_prob_train/chosen_gptsemantic": -135.4749104347229, "chosen_gptsemantic_A_o": 445.51340869140626, "logps_eval_prob_train/chosen_gptformat": -115.8084465675354, "chosen_gptformat_A_o": 443.12430279541013, "logps_eval_prob_train/rejected": -104.60761145877838, "rejected_A_o": 447.46283380126954, "logps_eval_prob_train/reject_gptsemantic": -117.61105857658386, "reject_gptsemantic_A_o": 444.41639874267577, "logps_eval_prob_train/reject_gptformat": -103.96774757385253, "reject_gptformat_A_o": 443.0792257080078, "logps_eval_prob_train/irr_train": -176.21522076797484, "irr_train_A_o": 435.08851489257813, "logps_eval_prob_train/irr_test": -144.14636314487458, "irr_test_A_o": 434.949180480957, "logps_eval_prob_train/irr_hum": -146.09993574523926, "irr_hum_A_o": 435.05889947509763, "logps_eval_prob_train/random_permute": -373.52053996658327, "random_permute_A_o": 404.50819891357423, "logps_eval_prob_train/random_nonhum": -339.7800021934509, "random_nonhum_A_o": 400.34775201416016}
{"logps_eval_prob_train/chosen": -132.6655085582733, "argmax_prob_logits": -122.38545861625671, "except_argmax_prob_logits": NaN, "chosen_A_o": 448.54137963867186, "p_e": 0.9984846390485763, "energy": 0.967851900935173, "logps_eval_prob_train/chosen_initial": -143.72086111831666, "chosen_initial_A_o": 439.2153201904297, "logps_eval_prob_train/chosen_gptsemantic": -135.4749104347229, "chosen_gptsemantic_A_o": 445.51340869140626, "logps_eval_prob_train/chosen_gptformat": -115.8084465675354, "chosen_gptformat_A_o": 443.12430279541013, "logps_eval_prob_train/rejected": -104.60761145877838, "rejected_A_o": 447.46283380126954, "logps_eval_prob_train/reject_gptsemantic": -117.61105857658386, "reject_gptsemantic_A_o": 444.41639874267577, "logps_eval_prob_train/reject_gptformat": -103.96774757385253, "reject_gptformat_A_o": 443.0792257080078, "logps_eval_prob_train/irr_train": -176.21522076797484, "irr_train_A_o": 435.08851489257813, "logps_eval_prob_train/irr_test": -144.14636314487458, "irr_test_A_o": 434.949180480957, "logps_eval_prob_train/irr_hum": -146.09993574523926, "irr_hum_A_o": 435.05889947509763, "logps_eval_prob_train/random_permute": -373.52053996658327, "random_permute_A_o": 404.50819891357423, "logps_eval_prob_train/random_nonhum": -339.7800021934509, "random_nonhum_A_o": 400.34775201416016}
